A research assistant	A research assistant	[10.1007%2Fs10683-011-9306-4]
A. Dubra and Z. Harvey	A. Dubra and Z. Harvey	[PMC3028489]
AAL	AAL	[PMC3722356]
AB/Sciex	AB/Sciex	[PMC5419080]
AEMC Instru-ments	AEMC Instru-ments	[PMC4102165]
AJS Inc	AJS Inc	[PMC3569118]
ALPCO	ALPCO	[PMC3836143]
ATLAS.ti Scientific Software Development GmbH	ATLAS.ti Scientific Software Development GmbH	[PMC4521673]
Abacus Concepts	Abacus Concepts	[PMC5440747]
Abacus Concepts, Berkley, CA	Abacus Concepts, Berkley, CA	[PMC3648837]
Abade, Diamond, and Hainmueller	Abade, Diamond, and Hainmueller	[10.1007%2Fs11079-017-9466-8]
Abadie et al	Abadie et al	[10.1111%2Fj.1467-6419.2007.00527.x]
Abbot IMx	Abbot IMx	[PMC3836143]
Abdelkrim and Duclos	Abdelkrim and Duclos	[10.1007%2Fs10888-015-9303-5]
Able Software Co	Able Software Co	[PMC3604266]
Accelrys Corporation	Accelrys Corporation	[PMC3245946]
Actimetrics	Actimetrics	[PMC3112533]
Adams et al	Adams et al	[PMC4790474]
Adobe	Adobe	[PMC2886355,PMC3373399,PMC3328383,PMC3722356,PMC2742187,PMC4713128,PMC3529531,PMC3514035,PMC3727320,10.1017%2Fs136510051300076x,PMC4551318,PMC4792979,PMC5216448]
Adobe Inc	Adobe Inc	[PMC3322527]
Adobe Systems	Adobe Systems	[PMC3741479,PMC2724645]
Adobe Systems Inc	Adobe Systems Inc	[PMC2853139]
Adobe, San Jose, CA	Adobe, San Jose, CA	[PMC3608489]
Adobe, San Jose, CA, USA	Adobe, San Jose, CA, USA	[PMC5413303]
Affymetrix	Affymetrix	[PMC3734831,PMC3589639]
Afonine et al	Afonine et al	[PMC4790474]
Agena Bioscience Inc	Agena Bioscience Inc	[PMC5265988]
Agilent	Agilent	[PMC4299502,PMC4584013,PMC2920066,PMC4551074,PMC4816756]
Agilent Technolo-gies	Agilent Technolo-gies	[PMC3193002]
Agilent Technolo-gies, Palo Alto, CA	Agilent Technolo-gies, Palo Alto, CA	[PMC3193002]
Agilent Technologies	Agilent Technologies	[PMC4276895]
Agilent Technology, Santa Clara, CA, USA	Agilent Technology, Santa Clara, CA, USA	[PMC4317475]
Agilent, Inc	Agilent, Inc	[PMC3202757]
Ahmed Gala El-Din and Mohamed El Tabbal	Ahmed Gala El-Din and Mohamed El Tabbal	[PMC4654549]
Alexa and Rahnenfuhrer	Alexa and Rahnenfuhrer	[PMC5129524]
Altintas et al	Altintas et al	[PMC2773253]
Altschul	Altschul	[PMC4989302]
Altschulet al	Altschulet al	[PMC2682500]
Amazon	Amazon	[10.1257%2Faer.20160542]
American Phytopathological Society	American Phytopathological Society	[PMC3598424]
Amersham Biosciences	Amersham Biosciences	[PMC2551693,PMC3001089]
Analyse-It Software	Analyse-It Software	[PMC4062317]
Analysis Group	Analysis Group	[PMC4683424]
Analysis Group, FMRIB, Oxford, UK	Analysis Group, FMRIB, Oxford, UK	[PMC4683424]
AnalyzeDirect	AnalyzeDirect	[PMC4410849]
Andrea Pusic	Andrea Pusic	[PMC5293311]
Anselin	Anselin	[10.1080%2F17421772.2011.647058]
Aperio	Aperio	[PMC5262502]
Aperio Technologies	Aperio Technologies	[PMC3650246]
Apple, Cuper- tino, CA	Apple, Cuper- tino, CA	[PMC4812504]
Applied Biosystem	Applied Biosystem	[PMC3256755]
Applied Biosystems	Applied Biosystems	[PMC2816832,PMC4103605,PMC3510025,PMC4586752,PMC3001089,PMC3276086]
Applied Biosystems, Foster City, CA, U.S.A	Applied Biosystems, Foster City, CA, U.S.A	[PMC2816832]
Applied Maths, Sint-Martens-Latem, Belgium	Applied Maths, Sint-Martens-Latem, Belgium	[PMC5095638]
Applied Spectral Imaging, Carlsbad, CA, USA	Applied Spectral Imaging, Carlsbad, CA, USA	[PMC3479176]
Arbuckle	Arbuckle	[10.1080%2F00036846.2016.1218430]
Arnold et al	Arnold et al	[PMC3105518]
Aulchenko et al	Aulchenko et al	[PMC4093824]
Aushon SearchLight	Aushon SearchLight	[PMC5414856]
AutoDock	AutoDock	[PMC4541654]
AxioCam	AxioCam	[PMC3589787]
AxioCam MRm	AxioCam MRm	[PMC3341159]
Axon	Axon	[PMC4576863]
Axon Instruments	Axon Instruments	[PMC3105518,PMC4147369,PMC4360221,PMC3859226,PMC3337979]
Axona	Axona	[PMC4280887]
BD	BD	[PMC3328383,PMC3405507,PMC3526355]
BD Bioscience	BD Bioscience	[PMC3531733]
BD Biosciences	BD Biosciences	[PMC4812167,PMC4771121,PMC3956627,PMC4760300]
BD Biosciences Systems	BD Biosciences Systems	[PMC2453617]
BIT Inc	BIT Inc	[PMC3507266]
BPP	BPP	[10.1257%2Faer.20160542]
Bailey	Bailey	[PMC4540966]
Bailey and Elkan	Bailey and Elkan	[PMC4540966]
Becker & Hickl GmbH	Becker & Hickl GmbH	[PMC3628511]
Becker and Caliendo	Becker and Caliendo	[10.1111%2Fj.1467-6419.2007.00527.x]
Becker and Ichino	Becker and Ichino	[10.1257%2Fjep.25.3.83,10.1111%2Fj.1467-6419.2007.00527.x]
Beckman Coulter	Beckman Coulter	[PMC3481138,PMC4362380,PMC4257079]
Beckman Coulter Inc.	Beckman Coulter Inc	[PMC4938145]
Becton Dickinson	Becton Dickinson	[PMC2518487,PMC4527497,PMC5031952,PMC4758284,PMC4832950]
Belhajjame et al	Belhajjame et al	[PMC2773253]
Bellucci and Zeleznikow	Bellucci and Zeleznikow	[10.3846%2Fjbem.2010.28]
Bendtsenet al	Bendtsenet al	[PMC2682500]
Bing	Bing	[10.1002%2Fsoej.12249]
Bio Image	Bio Image	[PMC1802622]
Bio-Print	Bio-Print	[PMC4255760]
Bio-Rad	Bio-Rad	[PMC5329788,PMC5360361,PMC2963829,PMC4615379]
Bio-Rad Laboratories	Bio-Rad Laboratories	[PMC2703206,PMC4822213,PMC3001089]
Bio-Rad Laboratories, Inc	Bio-Rad Laboratories, Inc	[PMC4918545]
Bio-Rad Laboratories, Inc.	Bio-Rad Laboratories, Inc	[PMC3245946]
Bio-RadLaboratories GmbH	Bio-RadLaboratories GmbH	[PMC3223056]
BioDiscovery Inc	BioDiscovery Inc	[PMC4830185]
BioMerieux, France	BioMerieux, France	[PMC4644012]
BioRad	BioRad	[PMC3500846,PMC3494016]
Biocon-ductor	Biocon-ductor	[PMC3361050]
Bioconductor	Bioconductor	[PMC4271550,PMC3734831]
Biogazelle	Biogazelle	[PMC4800296]
Bioquant Image Analysis Corporation	Bioquant Image Analysis Corporation	[PMC4475471]
Biorad	Biorad	[PMC3281244]
Biosoft	Biosoft	[PMC4812167,PMC4216798]
Biostat	Biostat	[PMC4662707,PMC4839839]
Biotage	Biotage	[PMC3284254]
Bitplane	Bitplane	[PMC5041470,PMC3857483]
Blackwell et al	Blackwell et al	[10.1111%2Fsjpe.12150]
Boas and Huppert’s	Boas and Huppert’s	[PMC3268153]
Bradbury PJ, Zhang Z, Kroon DE, Casstevens TM, Ramdoss Y,Buckler ES	Bradbury PJ, Zhang Z, Kroon DE, Casstevens TM, Ramdoss Y,Buckler ES	[PMC3223056]
Bradburyet al	Bradburyet al	[PMC3223056]
BrainTrain Inc	BrainTrain Inc	[PMC4662707]
Broad Institute	Broad Institute	[PMC5421174,PMC5265988]
Bronwyn Hall	Bronwyn Hall	[10.1111%2Fj.1530-9134.2009.00228.x]
Bruker	Bruker	[PMC5324669]
Bruker Biosicence, AUS	Bruker Biosicence, AUS	[PMC3593214]
Bruker Biospin	Bruker Biospin	[PMC2238715]
Bruker Corporation	Bruker Corporation	[PMC4938145]
Bruker Daltonics	Bruker Daltonics	[PMC2649809,PMC5406524]
Bruker Daltonics GmbH	Bruker Daltonics GmbH	[PMC3374072]
Bruno	Bruno	[10.1080%2F00036846.2015.1021547]
Bryant et al	Bryant et al	[PMC4898791]
CACExicare Corp	CACExicare Corp	[PMC5360432]
CEPII	CEPII	[10.1111%2Ftwec.12479]
CLC Bio	CLC Bio	[PMC4540966,PMC4103437]
CLC bio	CLC bio	[PMC3223056]
Caliper Life Sciences	Caliper Life Sciences	[PMC3373399]
Carl Zeiss	Carl Zeiss	[PMC3501353,PMC3373399,PMC4832390,PMC3341159,PMC4586752,PMC3514035,PMC4586740,PMC3526355,PMC3718976,PMC4582499]
Carl Zeiss Canada Ltd	Carl Zeiss Canada Ltd	[PMC3500846]
Carl Zeiss Image Solutions	Carl Zeiss Image Solutions	[PMC3065992]
Carl Zeiss Ltd	Carl Zeiss Ltd	[PMC5446083]
Carl Zeiss Meditec AG	Carl Zeiss Meditec AG	[PMC3817086]
Carl Zeiss, Inc	Carl Zeiss, Inc	[PMC2386104]
Carl Ziess	Carl Ziess	[PMC3341159]
Carl-Zeiss	Carl-Zeiss	[PMC3809360]
Carrere and Gouzy	Carrere and Gouzy	[PMC2773253]
Cary	Cary	[PMC3467590]
Castillo	Castillo	[PMC5078571]
Cattley and Arthur	Cattley and Arthur	[PMC2773253]
Center for EvolutionaryFunctional Geromics The Biodesign Institute	Center for EvolutionaryFunctional Geromics The Biodesign Institute	[PMC2768238]
Centers for Disease Control and Prevention	Centers for Disease Control and Prevention	[PMC5091022]
Centers for DiseaseControl	Centers for DiseaseControl	[PMC5149064]
Centola	Centola	[10.1257%2Fjep.26.2.189]
Centricity SEJ, GE Healthcare, Milwaukee, WI, USA	Centricity SEJ, GE Healthcare, Milwaukee, WI, USA	[PMC3863651]
Cepheid	Cepheid	[PMC3698303]
Cerner	Cerner	[PMC4162729]
Chan and Veese	Chan and Veese	[PMC3035800]
Chan and Vese (2001	Chan and Vese (2001	[PMC3035800]
Chang BioScience	Chang BioScience	[a2008-39-NAT_BIOTECHNOL]
Chang Bioscience	Chang Bioscience	[a2008-39-NAT_BIOTECHNOL]
ChemAxon Budapest, Hungary	ChemAxon Budapest, Hungary	[PMC4408226]
Chemical Computing Group	Chemical Computing Group	[PMC2803435]
Chemical Computing Group, Inc	Chemical Computing Group, Inc	[PMC3060514]
Chris Patton	Chris Patton	[PMC4499650]
Clarkson et al., 2011	Clarkson et al., 2011	[PMC4215532]
Cleveland’s	Cleveland’s	[PMC5054038]
Clever Systems Inc	Clever Systems Inc	[PMC4853588]
Cochran Collaboration	Cochran Collaboration	[PMC4583605]
Cochrane Collaboration	Cochrane Collaboration	[PMC4839839,PMC5384723]
Coelli	Coelli	[10.1080%2F13504851.2016.1167817]
Coelli and Henningsen	Coelli and Henningsen	[10.1007%2Fs11123-009-0142-x]
Colwell	Colwell	[PMC4303630]
Compumedics NeuroScan	Compumedics NeuroScan	[PMC4375646]
Computer Scannig System II	Computer Scannig System II	[PMC3598124]
Corel	Corel	[PMC3526355]
Crooks et al	Crooks et al	[PMC4540966]
DNASTAR	DNASTAR	[PMC4473108,PMC3749458]
DNASTAR Lasergene	DNASTAR Lasergene	[PMC4540966]
DNAstar	DNAstar	[PMC2890158]
DNAstar inc	DNAstar inc	[PMC2677890]
Dana Faber Cancer Institute	Dana Faber Cancer Institute	[PMC3329502]
Das et al	Das et al	[PMC3329738]
David Posada	David Posada	[a2001-40-MOL_ECOL]
Davis et al	Davis et al	[PMC4790474]
De Novo Software	De Novo Software	[PMC4073352]
DeLano Scientific	DeLano Scientific	[PMC3105518]
DeLano Scientific LLC	DeLano Scientific LLC	[PMC2034468]
Dean AG, Dean JA, Coulombier D, Brendel KA, Smith DC, BurtonAH, et al	Dean AG, Dean JA, Coulombier D, Brendel KA, Smith DC, BurtonAH, et al	[PMC4327489]
Definiens AG	Definiens AG	[PMC4453845]
Delft University of Technology	Delft University of Technology	[PMC4713128]
Dell, Inc	Dell, Inc	[PMC5271394]
Delsys	Delsys	[PMC4183238]
Digital Instruments, NY, USA	Digital Instruments, NY, USA	[PMC4938145]
Digora	Digora	[PMC4182354]
Donald Knuth	Donald Knuth	[10.1111%2Fj.1530-9134.2009.00228.x]
Doornik	Doornik	[10.1007%2Fs10258-013-0091-1]
Dosztányi et al	Dosztányi et al	[PMC2935446]
Dr Brown PE and co-workers	Dr Brown PE and co-workers	[PMC3112533]
Dr. Antoni C. G.van Ginneken	Dr. Antoni C. G.van Ginneken	[PMC3385584]
Duet al	Duet al	[PMC4816756]
Duke's Math Department	Duke's Math Department	[10.1257%2Fjep.24.4.187]
EBSCO	EBSCO	[10.1111%2F1475-4932.12331]
EMBL-EBI	EMBL-EBI	[PMC3384331]
EMIS	EMIS	[PMC3365791]
EMKA Technologies	EMKA Technologies	[PMC4919585]
EPA	EPA	[10.1257%2Faer.20150897]
EPA’s Office of Pollution Prevention Toxics and Syracuse Research Corporation	EPA’s Office of Pollution Prevention Toxics and Syracuse Research Corporation	[PMC4408226]
EPI suite software	EPI suite software	[PMC4408226]
ESHA Research	ESHA Research	[PMC2584180]
ESRI	ESRI	[10.1111%2Fj.1468-0297.2011.02449.x,10.1007%2Fs10824-015-9248-3]
Eddy	Eddy	[PMC2881384,PMC5129524]
Eddy et al	Eddy et al	[PMC2881384]
Edgar	Edgar	[PMC4989302,PMC2881384]
Edgar et al	Edgar et al	[PMC4989302]
Eickhoff	Eickhoff	[PMC3722356]
Eigenvector Research, Inc	Eigenvector Research, Inc	[PMC5078571]
Eisenhauer et al	Eisenhauer et al	[PMC3749580]
Elekta Neuromag Oy	Elekta Neuromag Oy	[PMC4215594]
Elektra-Neuromag	Elektra-Neuromag	[PMC4269546]
Emsley and Cowtan	Emsley and Cowtan	[PMC4790474]
Epi-Info	Epi-Info	[PMC4183043]
European Bioinformatics Institute	European Bioinformatics Institute	[PMC2768238]
Excoffier et al	Excoffier et al	[a2001-40-MOL_ECOL]
Excoffier et. al	Excoffier et. al	[a2001-40-MOL_ECOL]
FEI Co	FEI Co	[PMC4554393]
FUJIFILM	FUJIFILM	[PMC3203616]
Facebook	Facebook	[10.1257%2Fjep.23.3.37]
Faircloth	Faircloth	[PMC4103605]
Falcon and Gentleman	Falcon and Gentleman	[PMC4816756]
Faraggi et al	Faraggi et al	[PMC2935446]
Feenberg and Coutts	Feenberg and Coutts	[10.1111%2Fcoep.12177]
Ferman and Pinto	Ferman and Pinto	[10.1002%2Fpam.22038]
Ferman-Pinto	Ferman-Pinto	[10.1002%2Fpam.22038]
Finapres Medical Systems B.V., Amsterdam, The Netherlands	Finapres Medical Systems B.V., Amsterdam, The Netherlands	[PMC5348138]
Finc	Finc	[PMC4010924]
Firpo et al	Firpo et al	[10.1111%2Flabr.12083]
First Databank	First Databank	[PMC4388951]
Fischbacher	Fischbacher	[10.1007%2Fs10683-017-9548-x,10.1007%2Fs11166-011-9127-z,10.1111%2Fecoj.12284,10.1111%2Fecin.12482,10.1111%2Fecin.12477]
Fisher Scientific	Fisher Scientific	[PMC4531765]
FlowJo	FlowJo	[PMC5409206]
Fluidigm	Fluidigm	[PMC5098131]
Foissacet al	Foissacet al	[PMC2682500]
Foundation for Statistical Computing	Foundation for Statistical Computing	[PMC4812504]
Foundation for Statistical Computing, Vienna, Austria	Foundation for Statistical Computing, Vienna, Austria	[PMC4812504]
Frank Harrell	Frank Harrell	[PMC3887290]
Franz Faul	Franz Faul	[PMC3542452]
Fraunhofer MEVIS	Fraunhofer MEVIS	[PMC4874631]
Fuji	Fuji	[PMC3749346]
Fuji Film	Fuji Film	[PMC2887951]
Fuji Photo Film Co., Ltd	Fuji Photo Film Co., Ltd	[PMC4935458]
Fuji Photo Film Co., Ltd.	Fuji Photo Film Co., Ltd	[PMC4935458]
Fuji Photofilm Co. Ltd	Fuji Photofilm Co. Ltd	[PMC3909089]
Fujifi lm	Fujifi lm	[PMC2386104]
Fujifilm Lifescan USA	Fujifilm Lifescan USA	[PMC3819903]
GE Biosciences	GE Biosciences	[PMC5001609]
GE Healthcare	GE Healthcare	[PMC2553567,PMC2649809,PMC2626662,PMC4475901]
GE Healthcare,Milwaukee	GE Healthcare,Milwaukee	[PMC4651396]
GE Medical Systems	GE Medical Systems	[PMC3655304]
Gao et al	Gao et al	[PMC4303630]
Gatan, Inc	Gatan, Inc	[PMC2742187]
Gayevskiy et al	Gayevskiy et al	[PMC4303630]
Gene Codes Corporation	Gene Codes Corporation	[PMC4103437]
Genomatrix Company	Genomatrix Company	[PMC3575799]
Gentleman et al	Gentleman et al	[PMC3373399]
Gerstel	Gerstel	[PMC5078571]
Gerstel, Mülheiman der Ruhr	Gerstel, Mülheiman der Ruhr	[PMC5078571]
Giardine et al	Giardine et al	[PMC2773253]
Gilbert	Gilbert	[PMC2773253]
Gilmour et al	Gilmour et al	[PMC4093164]
Given Imaging	Given Imaging	[PMC5320029]
Google	Google	[PMC3935166,10.1257%2Faer.20150592,10.1257%2Fjep.26.2.189,PMC3261704,10.1007%2Fs11151-015-9460-5]
Gordon and Sensen	Gordon and Sensen	[PMC2773253]
Gouzy et al	Gouzy et al	[PMC3400965]
Grabherr et al	Grabherr et al	[PMC5129524]
Graph Pad Software	Graph Pad Software	[PMC4913573]
Graph Pad Software Inc	Graph Pad Software Inc	[PMC5235341,PMC4841865]
Graph Pad Software, Inc	Graph Pad Software, Inc	[PMC5207597]
Graph Pad software	Graph Pad software	[PMC3351187]
Graph-Pad Software, San Diego. CA	Graph-Pad Software, San Diego. CA	[PMC2781407]
GraphPad	GraphPad	[PMC3778302,PMC5094513,PMC4616535,PMC3405507,PMC3474945,PMC4357677,PMC4919585,PMC2768165,PMC4632900,PMC4925014,PMC3001088,PMC5143422,PMC5023377,PMC4618831,PMC2646063]
GraphPad Prism	GraphPad Prism	[PMC4443294]
GraphPad Software	GraphPad Software	[PMC5463043,PMC3058730,PMC3302168,PMC4047866,PMC4634622,PMC3674238,PMC4800296,PMC4265209,PMC2768165,PMC5458338,PMC3765960,PMC3518495,PMC3442822,PMC4128792,PMC4410084,PMC5453893,PMC3529531,PMC3507205,PMC4407761,PMC4720104,PMC2921509,PMC5073050,PMC3297833,PMC3526355,PMC4212086]
GraphPad Software Inc	GraphPad Software Inc	[PMC4667234,PMC4221315,PMC3357263,PMC5078599,PMC4717961,PMC5364865,PMC4150213,PMC4843533,PMC4567174,PMC4553351,PMC4501418,PMC4310406]
GraphPad Software, Inc	GraphPad Software, Inc	[PMC4057327,PMC4888764,PMC2804221,PMC4791326,PMC5076548,PMC4094575,PMC4807949,PMC2700377,PMC4631805]
GraphPad Software, Inc.	GraphPad Software, Inc	[PMC4057327]
GraphPad Software, La Jolla, CA, USA	GraphPad Software, La Jolla, CA, USA	[PMC4257079]
GraphPad Software, San Diego, CA	GraphPad Software, San Diego, CA	[PMC3198080,PMC2731541]
GraphPad Software, San Diego, CA, USA	GraphPad Software, San Diego, CA, USA	[PMC5476471]
GraphPad Softwares Inc	GraphPad Softwares Inc	[PMC5071723]
GraphPadPrism4	GraphPadPrism4	[PMC4411514]
Graphpad	Graphpad	[PMC5446083,PMC4066774]
Graphpad Software	Graphpad Software	[PMC4264042]
Graphpad Software, Inc	Graphpad Software, Inc	[PMC5359128]
Graphpad Software, La Jolla, CA	Graphpad Software, La Jolla, CA	[PMC5147514]
Graz University of Technology, Institute for Genomics and Bioinformatics	Graz University of Technology, Institute for Genomics and Bioinformatics	[PMC3357263]
Greiner	Greiner	[10.1007%2Fs10683-017-9548-x,10.1111%2Fecoj.12284,10.1111%2Fecin.12482]
Griffoli (2007-2008) as the creator of the user guide	Griffoli (2007-2008) as the creator of the user guide	[10.1017%2Fs1365100515000619]
Guex and Peitsch	Guex and Peitsch	[PMC3105518]
HAPPYneuron Inc	HAPPYneuron Inc	[PMC4662707]
HEKA	HEKA	[PMC4380214]
Hainmueller and Xu	Hainmueller and Xu	[10.1111%2Fsjpe.12150]
Hamamatsu	Hamamatsu	[PMC5283079]
Hamamatsu Photonics	Hamamatsu Photonics	[PMC3514035]
Hamamatsu photonics	Hamamatsu photonics	[PMC3289039]
Hansen and Lunde	Hansen and Lunde	[10.1007%2Fs10258-013-0091-1]
Harzing	Harzing	[10.1007%2Fs10888-015-9317-z]
Hecker et al	Hecker et al	[PMC2935446]
Hecker et all	Hecker et all	[PMC2935446]
Heidelberg Engineering	Heidelberg Engineering	[PMC5413303]
Henningsen	Henningsen	[10.1007%2Fs11123-009-0142-x]
Hila Benjamin	Hila Benjamin	[PMC5096036]
Hirose et al	Hirose et al	[PMC2935446]
Hubisz	Hubisz	[PMC3138425]
Hubisz et al	Hubisz et al	[PMC3138425]
Huelsenbeck & Ronquist	Huelsenbeck & Ronquist	[PMC3065992]
Huelsenbeck&Ronquist	Huelsenbeck&Ronquist	[PMC3589787]
Hughey and Krogh	Hughey and Krogh	[PMC2881384]
Hulinks Inc	Hulinks Inc	[PMC4527497]
IBM	IBM	[PMC5122609,PMC4236336,PMC5016906,10.3846%2Fbtp.2013.11,PMC4668168,PMC3315194,PMC4385725,PMC4589713,PMC5081317,PMC3590666,PMC4280397,PMC4146730,PMC4481556,PMC5355527,PMC5452632,PMC4174215,PMC5013290,PMC5037241,PMC4443457,PMC5080194,PMC3749580,PMC4441238,PMC4728087,PMC3865143,PMC4506345,PMC5010096,PMC4644632,PMC4799566,PMC4286759,PMC4120377,PMC3859226,PMC5111494]
IBM Co	IBM Co	[PMC4250666,PMC4355434,PMC3773590,PMC4160583,PMC4720104,PMC4496436,PMC4164721,PMC4504996,PMC4857864,PMC3671002]
IBM Co., Armonk, NY, USA	IBM Co., Armonk, NY, USA	[PMC3773590,PMC4870320]
IBM Corp	IBM Corp	[PMC5015294,PMC4647257,PMC5370249,PMC4871932,PMC5300861,PMC5436526,PMC4826955,PMC4454910,PMC4849203,PMC5453893,PMC4819867,PMC4602909,PMC4908911,PMC4453642,PMC4555593,PMC4503903,PMC5005113,PMC5138571,PMC4792979,PMC5415459]
IBM Corp.	IBM Corp	[PMC5300861,PMC4453642,PMC4707405]
IBM Corporation	IBM Corporation	[PMC4541654,PMC5359137,PMC5012598,PMC4304534,PMC3789839,PMC4846046,PMC4823393,PMC4057327,PMC5300027,PMC4874631,PMC4388098,PMC4455856,PMC4310378,PMC4038421,PMC4807949,PMC3817086,PMC5133663,PMC3293421,PMC4310406]
IBM Inc	IBM Inc	[PMC5318538]
IBM SPSS	IBM SPSS	[PMC4812167,PMC3960616,PMC4878562]
IBM SPSS Inc	IBM SPSS Inc	[PMC5256325]
IBM SPSS, Armonk, NY, USA	IBM SPSS, Armonk, NY, USA	[PMC4878562,PMC4950899]
IBM Statistics	IBM Statistics	[PMC4588797]
IBM co	IBM co	[PMC5327171]
IBM corp.	IBM corp	[PMC5348473]
IBM, Armonk, N.Y	IBM, Armonk, N.Y	[PMC4977128]
IBM, Armonk, NY	IBM, Armonk, NY	[PMC3898763]
IBM, Armonk,NY	IBM, Armonk,NY	[PMC4767401]
IBM, Chi- cago, Ill., USA	IBM, Chi- cago, Ill., USA	[PMC3522449]
IBMCorporation	IBMCorporation	[PMC4616740]
IBM© Corp	IBM© Corp	[PMC5407229]
ICON Development Solutions	ICON Development Solutions	[PMC5306244]
IDBS	IDBS	[PMC5360432]
IMT isolution Inc	IMT isolution Inc	[PMC4579164]
IVUS Lab	IVUS Lab	[PMC4720847]
Illumina	Illumina	[PMC4299502,PMC4830185,PMC5129524,PMC4066774,PMC3549877,a2008-02-WATERBIRDS]
Inc	Inc	[PMC5348473]
Indica Labs	Indica Labs	[PMC5235341]
Infinitt Co	Infinitt Co	[PMC3891859]
Ingenuity Systems	Ingenuity Systems	[PMC4271550,PMC3357263,PMC3734831,PMC3322527]
Inivai	Inivai	[PMC5031952]
Instem Life Sciences	Instem Life Sciences	[PMC5414856]
Institute for the Study of Labour	Institute for the Study of Labour	[10.1515%2Fjbnst-2016-1001]
IntegratedDNA Technologies	IntegratedDNA Technologies	[PMC4800296]
Intel	Intel	[10.1007%2Fs10842-011-0105-6]
International Business Machines	International Business Machines	[PMC4231936]
Intuit	Intuit	[10.1111%2Fecin.12485]
InviCRO	InviCRO	[PMC4299502]
Invitrogen	Invitrogen	[PMC3890344]
Invitrogen Corporation	Invitrogen Corporation	[PMC3223056]
J. Dempster	J. Dempster	[PMC3091210]
J. Pot	J. Pot	[10.1111%2Fj.1475-4932.2008.00494.x]
JCB	JCB	[PMC2886355]
JEOL	JEOL	[PMC5098543]
Jan G. Zegers	Jan G. Zegers	[PMC3385584]
Jandel Scientific	Jandel Scientific	[PMC3349042]
Janet D Elashoff	Janet D Elashoff	[PMC4998785]
Jenkins	Jenkins	[10.1111%2Fecin.12490]
Johnson et al	Johnson et al	[PMC4816756]
Jones and Ward	Jones and Ward	[PMC2935446]
Juillard	Juillard	[10.1086%2Fma.20.3585423]
K um ar et al	K um ar et al	[PMC3749458]
Katohetal	Katohetal	[PMC3589787]
Kersten and Noronha	Kersten and Noronha	[10.3846%2Fjbem.2010.28]
Kolde	Kolde	[PMC5129524]
Kontron Electronic GMBM	Kontron Electronic GMBM	[PMC3984197]
Korean Nutrition Society	Korean Nutrition Society	[PMC5039120]
Korean Nutrition Society, Seoul, Korea	Korean Nutrition Society, Seoul, Korea	[PMC5039120]
Korean Nutritional Society	Korean Nutritional Society	[PMC4958647]
Krogh et al	Krogh et al	[PMC5129524]
Kuopio	Kuopio	[PMC4947724]
L ¨utkepohl and Kr¨atzig	L ¨utkepohl and Kr¨atzig	[10.1111%2Fobes.12191]
LECO Corporation	LECO Corporation	[PMC5078571]
Laboratoire d’Imagerie Biome ́dicale	Laboratoire d’Imagerie Biome ́dicale	[PMC5308435]
Lai et al	Lai et al	[10.3846%2Fjbem.2010.28]
Langfelder and Horvath	Langfelder and Horvath	[PMC4816756]
Larkin et al	Larkin et al	[PMC4540966]
LeSage	LeSage	[10.1080%2F17421772.2015.1126966,10.1080%2F17421770903541772]
Leamer	Leamer	[10.1257%2Fjep.2.1.153]
Leary et al. and Neely et al	Leary et al. and Neely et al	[PMC4631805]
Leckie and Charlton	Leckie and Charlton	[10.1080%2F09645292.2018.1426732]
Lehmussolaet al	Lehmussolaet al	[PMC4374707]
Leica	Leica	[PMC3373399,PMC1851647,PMC3514035]
Leica Microsystems	Leica Microsystems	[PMC2518490,PMC3481138,PMC3749580]
Leica Microsystems GmbH	Leica Microsystems GmbH	[PMC4634381]
Leica microsystems	Leica microsystems	[PMC2518490]
Letondal	Letondal	[PMC2773253]
Leuven and Sianesi	Leuven and Sianesi	[10.1111%2Fj.1467-6419.2007.00527.x]
Li and Durbin	Li and Durbin	[PMC4069613]
Li et al	Li et al	[PMC4930280,PMC4069613]
Li-Cor Bioscience	Li-Cor Bioscience	[PMC5220168]
Life Tech-nologies	Life Tech-nologies	[PMC4271550]
Linding et al	Linding et al	[PMC2935446]
Lotus	Lotus	[10.3846%2Fbtp.2007.31]
Love et al	Love et al	[PMC5129524]
Lupas et al	Lupas et al	[PMC5129524]
Lushbough et al	Lushbough et al	[PMC2773253]
MDS Analytical Technologies	MDS Analytical Technologies	[PMC2806324]
MRC Biostatistics Unit	MRC Biostatistics Unit	[PMC4986689]
MRCBiostatistics Unit	MRCBiostatistics Unit	[PMC5372024]
MS	MS	[PMC5435264,a2010-05-BMC_MOL_BIOL,PMC3322527]
Macrogen	Macrogen	[PMC3249287]
Magne Rekdal	Magne Rekdal	[PMC5036010]
Maldjian	Maldjian	[PMC3722356]
Malte Wachsmuth	Malte Wachsmuth	[PMC4230620]
Malvern Instruments Limited, Malvern, UK	Malvern Instruments Limited, Malvern, UK	[PMC4356689]
Malvern Instruments, Malvern, UK	Malvern Instruments, Malvern, UK	[PMC4938145]
Manuscript Central	Manuscript Central	[10.1257%2Faer.107.5.726]
Markus Eberhardt	Markus Eberhardt	[10.1111%2Fecin.12363]
Martin Kulldorff	Martin Kulldorff	[PMC2935919]
Martinos Center for Biomedial Imaging	Martinos Center for Biomedial Imaging	[PMC3782730]
Materialise	Materialise	[PMC4826955]
Materials Studio	Materials Studio	[PMC3366639]
MathWorks	MathWorks	[PMC3198286,PMC4230595,PMC3674238,PMC4713128,PMC5390613,PMC4819867,PMC4215594,PMC5215597]
MathWorks Inc	MathWorks Inc	[PMC3534176,PMC4826955]
MathWorksInc	MathWorksInc	[PMC3049466]
MathWorksInc.	MathWorksInc	[PMC3049466]
Mathworks	Mathworks	[PMC4236336,PMC5089661,PMC4968915,PMC5078595,10.1111%2Fsaje.12137,PMC3112533,PMC3321481,PMC5061105]
Mathworks Inc	Mathworks Inc	[PMC4963800]
Mathworks, Inc	Mathworks, Inc	[PMC4763990]
Mathworks, Natick, MA	Mathworks, Natick, MA	[PMC5061105]
Matrix Science	Matrix Science	[PMC5339831]
Matrix Science Ltd	Matrix Science Ltd	[PMC4918545]
Matrix Science, London, UK	Matrix Science, London, UK	[PMC5339831]
Matrix Sciences	Matrix Sciences	[PMC4492754]
Matrixscience	Matrixscience	[PMC1874646]
Matrox Electronic Systems Ltd	Matrox Electronic Systems Ltd	[PMC5247570]
Max Planck Institute of Biochemistry, Martinsried, Germany	Max Planck Institute of Biochemistry, Martinsried, Germany	[PMC3770329]
Mayor et al	Mayor et al	[PMC4540966]
McCoy et. al	McCoy et. al	[PMC4790474]
McGuffin	McGuffin	[PMC2935446]
McNeel North America, Seattle, WA	McNeel North America, Seattle, WA	[PMC4628493]
MeVis Medical Solutions AG	MeVis Medical Solutions AG	[PMC4843533]
MedCalc	MedCalc	[PMC5390613]
MedCalc Software	MedCalc Software	[PMC4513598,PMC4236336,PMC5355527]
MedCalc Software bvba	MedCalc Software bvba	[PMC5144905]
MedCalcSoftware BVBA	MedCalcSoftware BVBA	[PMC4182354]
Media Cyberbetics Inc	Media Cyberbetics Inc	[PMC4157927]
Media Cybernatics, Houston, TX	Media Cybernatics, Houston, TX	[PMC3198078]
Media Cybernetics	Media Cybernetics	[PMC3386209,PMC4201231,PMC2768165,PMC2724645,PMC4851261,PMC4327276,PMC4063356]
Media Cybernetics Co., Ltd	Media Cybernetics Co., Ltd	[PMC3406768]
Media Cybernetics, Inc	Media Cybernetics, Inc	[PMC4878562,PMC5104181]
Media Lab	Media Lab	[10.1162%2Fqjec.2005.120.1.273]
MediaCybernetics	MediaCybernetics	[PMC2703206,PMC4128692]
Medis	Medis	[PMC3429821,PMC3487307]
Meglécz et al	Meglécz et al	[PMC4103605]
Memorial Sloan-Kettering Cancer Center and the University of British Columbia	Memorial Sloan-Kettering Cancer Center and the University of British Columbia	[PMC5293311]
Menke	Menke	[PMC2881384]
Menke et al	Menke et al	[PMC2881384]
Mercury Systems	Mercury Systems	[PMC3765960]
MetaSystems	MetaSystems	[PMC5089661]
Meteda s.r.l	Meteda s.r.l	[PMC2782970]
Metek GmbH	Metek GmbH	[PMC4310406]
Micro-cal Software	Micro-cal Software	[PMC1540729]
MicroBrightField	MicroBrightField	[PMC3973247]
MicroCal	MicroCal	[PMC2708934]
Microcal Software, Northhampton, MA	Microcal Software, Northhampton, MA	[PMC1540729]
Microcal software Inc	Microcal software Inc	[PMC3702283]
Microcalsoftware	Microcalsoftware	[PMC3859226]
Microsoft	Microsoft	[PMC4750616,PMC3632766,10.1257%2Fjep.23.3.37,PMC5265988,10.1257%2Fjep.15.2.25,PMC3013714,PMC3646185,PMC5370249,PMC4513216,PMC3589687,PMC3406768,PMC5440634,PMC1851647,10.1007%2Fs10614-017-9706-4,PMC3529531,10.1111%2Fjems.12172,PMC4784605,PMC4387613,PMC5210605,PMC4535552,PMC4908911,a2007-48-UNDERSEA_HYPERBAR_M,PMC3905533,PMC3322527,10.3846%2Fbtp.2007.31,PMC5458115,PMC4494636,PMC3859226,10.1007%2Fs11151-011-9291-y,PMC4675816,PMC4951474,PMC5215597,PMC5066857,PMC4251217]
Microsoft Cor-poration	Microsoft Cor-poration	[PMC4103605]
Microsoft Corp	Microsoft Corp	[PMC4039861,PMC5293311,PMC4453596,PMC4015203,PMC4555593,a2007-48-UNDERSEA_HYPERBAR_M,PMC3664701]
Microsoft Corp.	Microsoft Corp	[PMC4453596]
Microsoft Corporation	Microsoft Corporation	[PMC4103605,PMC5135399]
Milford	Milford	[PMC5098543]
Mini-tab Ltd	Mini-tab Ltd	[a2010-05-BMC_MOL_BIOL]
Minitab Inc	Minitab Inc	[PMC4221951]
Molecular Devices	Molecular Devices	[PMC3702283,PMC3386209,PMC4147369,PMC3281721,a2008-39-NAT_BIOTECHNOL,PMC4437485,PMC4640439,PMC4436784,PMC2722173,PMC2963829]
Molecular Devices, Sunnyvale, CA	Molecular Devices, Sunnyvale, CA	[PMC3521687]
Molecular Devices, Sunnyvale, CA, USA	Molecular Devices, Sunnyvale, CA, USA	[PMC3789260]
Molecular Dynamics	Molecular Dynamics	[PMC3351152,PMC3001088]
Molecular Dynamics, GE Healthcare	Molecular Dynamics, GE Healthcare	[PMC3177208]
Moor Instruments	Moor Instruments	[PMC4947724]
Murphy	Murphy	[PMC4407839]
Muthen &Muthen	Muthen &Muthen	[PMC4849203]
N.L.B.M	N.L.B.M	[PMC1635254]
NBER	NBER	[10.1057%2Fs11369-017-0056-y,10.1111%2Fcoep.12177]
NCBI	NCBI	[PMC2731890,PMC5210605,PMC3419515,PMC4068285,PMC3769764,PMC2678927]
NCSS	NCSS	[PMC3040438]
NCSS Statistical Software	NCSS Statistical Software	[PMC4568189]
NHLB	NHLB	[PMC3392846]
NIH	NIH	[PMC4771121,PMC3956627,PMC4443294,PMC5360361,PMC2453617,PMC3078083,PMC5216448]
NIH Image	NIH Image	[PMC4812504]
NIMH	NIMH	[PMC3337072]
Nanogen	Nanogen	[a2008-02-WATERBIRDS]
Nanotemper	Nanotemper	[PMC5143422]
National Bureau of Economic Research	National Bureau of Economic Research	[10.20955%2Fr.2017.319-336]
National Centerfor Biotechnology Information (NCBI	National Centerfor Biotechnology Information (NCBI	[PMC3384331]
National Institute of Health	National Institute of Health	[PMC3386209,PMC3984197,PMC4436784]
National Institute of Mental Health	National Institute of Mental Health	[PMC4589266]
National Institutes of Health	National Institutes of Health	[PMC3501353,PMC5235341,PMC4582561,PMC4918545,PMC5063056,PMC4576863,PMC4919585,PMC3268728,a2008-39-NAT_BIOTECHNOL,PMC3730412,PMC3341159,PMC3529531,PMC3514035,PMC4586740,PMC3727320,PMC4004907,PMC3628511,PMC4436784,PMC4551318,PMC4173757,PMC4960374]
National Institutes of Health, Bethesda, MD	National Institutes of Health, Bethesda, MD	[PMC4551318]
National Institutes of health	National Institutes of health	[PMC5476584]
National Instruments	National Instruments	[PMC4763990,PMC5221592,PMC2677890]
NationalInstitutes of Health	NationalInstitutes of Health	[PMC4843533]
Navas-Delgado et al	Navas-Delgado et al	[PMC2773253]
Neck et al	Neck et al	[10.1007%2Fs10614-011-9257-z]
Netscape	Netscape	[10.1257%2Fjep.15.2.25]
Nguyen et al	Nguyen et al	[PMC3765960]
Nikon	Nikon	[PMC2742187,PMC5056991]
Nikon Instruments	Nikon Instruments	[PMC5235341]
Nintendo	Nintendo	[PMC4977069]
Nokia	Nokia	[10.1007%2Fs10842-011-0105-6]
Nonlinear Dynamics	Nonlinear Dynamics	[PMC4930282,PMC2649809]
Nordic Imaging Lab AS	Nordic Imaging Lab AS	[PMC5073050]
Novametrix	Novametrix	[PMC3044586]
Number Cruncher Statistical Systems	Number Cruncher Statistical Systems	[PMC5451875]
Nylander	Nylander	[PMC3065992]
OLYMPUS	OLYMPUS	[PMC3255244]
Oinn et al	Oinn et al	[PMC2773253]
Olympus	Olympus	[PMC5098131,PMC5078599,PMC4184560,PMC4357732]
Olympus Corporation	Olympus Corporation	[PMC4632117]
Olympus Medical Corporation	Olympus Medical Corporation	[PMC4743729]
Olympus SYS	Olympus SYS	[PMC4634381]
Olympus Soft Imaging Systems	Olympus Soft Imaging Systems	[PMC3730412,PMC4551318]
Oostenveld	Oostenveld	[PMC3321481]
Open Eye Scientific Software	Open Eye Scientific Software	[PMC3821792]
OpenEye Scientific	OpenEye Scientific	[PMC2803435]
Optovue	Optovue	[PMC5413303]
Oridion Medocal Ltd	Oridion Medocal Ltd	[PMC3093010]
Origin- Lab, Northampton, MA, U.S.A	Origin- Lab, Northampton, MA, U.S.A	[PMC3025493]
OriginLab	OriginLab	[PMC3049466,PMC3664701]
OriginLab, Northampton, MA, USA	OriginLab, Northampton, MA, USA	[PMC3049466]
Otwinowski and Minor	Otwinowski and Minor	[PMC4790474]
Oxford University	Oxford University	[PMC4589266]
P.J.W	P.J.W	[PMC3936224]
PC	PC	[PMC4927739]
PE Applied Biosystems	PE Applied Biosystems	[PMC3337072]
PREMIER Biosoft International	PREMIER Biosoft International	[PMC4123385]
PROTEC medical systems	PROTEC medical systems	[PMC3184742]
PSS Japan Inc	PSS Japan Inc	[PMC4345725]
Page	Page	[PMC2682500]
Palm	Palm	[10.1007%2Fs10842-011-0105-6]
Pandey	Pandey	[PMC4989302]
Paul Chekhonin	Paul Chekhonin	[PMC4927739]
Peng et al	Peng et al	[PMC3035800]
Perkin Elmer	Perkin Elmer	[PMC4091108,a2001-40-MOL_ECOL]
Perkin Elmer, Applied Biosystems	Perkin Elmer, Applied Biosystems	[a2001-40-MOL_ECOL]
PerkinElmer	PerkinElmer	[PMC3501353,PMC5108413,PMC3510025,PMC3608489,PMC5339831]
Perl Foundation	Perl Foundation	[PMC4453596]
Perl Foundation, Walnut,CA, USA	Perl Foundation, Walnut,CA, USA	[PMC4453596]
Petersen et al	Petersen et al	[PMC5129524]
Petrey and Honig	Petrey and Honig	[PMC3105518]
Pharsight	Pharsight	[PMC3464772,PMC4622569,PMC5084670]
Pharsight Corp	Pharsight Corp	[PMC5108428]
Pharsight Corporation	Pharsight Corporation	[PMC4561054]
Philips	Philips	[PMC5328613]
Philips Respironics Inc	Philips Respironics Inc	[PMC3865143]
PhillipsMedical Systems	PhillipsMedical Systems	[PMC3198078]
Phoniex Flow Systems	Phoniex Flow Systems	[PMC2836542]
Physiological Instruments	Physiological Instruments	[PMC2606938]
Pixmeo	Pixmeo	[PMC3691378]
Plymouth Marine Laboratory	Plymouth Marine Laboratory	[PMC3132874]
Posada & Crandall	Posada & Crandall	[a2001-40-MOL_ECOL,PMC3065992]
Posada and Crandall	Posada and Crandall	[a2001-40-MOL_ECOL]
Posada& Crandall	Posada& Crandall	[a2001-40-MOL_ECOL]
PostgreSQL Global Development Group	PostgreSQL Global Development Group	[PMC4039861]
PreXion Inc	PreXion Inc	[PMC5370249]
Premier Biosoft International	Premier Biosoft International	[PMC5244966]
Prilusky et al	Prilusky et al	[PMC2935446]
Pritchard JK, Stephens M, Donnelly P	Pritchard JK, Stephens M, Donnelly P	[PMC3223056]
ProteinSimple	ProteinSimple	[PMC5104181]
Proteome software	Proteome software	[PMC4853038]
Provo UT	Provo UT	[PMC5304233]
Prowin	Prowin	[PMC3071219]
Psychological SoftwareTools	Psychological SoftwareTools	[PMC3309518]
Psychology Software Tools	Psychology Software Tools	[PMC4269546]
Psychology Software Tools, Inc	Psychology Software Tools, Inc	[PMC4763990]
QGIS	QGIS	[PMC3627965]
QImaging	QImaging	[PMC3727320]
QSR International Pty, Ltd	QSR International Pty, Ltd	[PMC4965703]
Qiagen	Qiagen	[PMC3329502]
R Core Team, R Foundation for Statistical Computing	R Core Team, R Foundation for Statistical Computing	[PMC5015293]
R Development Core Team	R Development Core Team	[PMC4478705,10.1007%2Fs00191-018-0558-4,PMC4986689,10.1007%2Fs11123-009-0142-x,PMC4316942]
R DevelopmentCore Team	R DevelopmentCore Team	[PMC3007589]
R Foundation	R Foundation	[PMC5010096]
R Foundation for Statistical Computing	R Foundation for Statistical Computing	[PMC5015293,PMC3464766,PMC5210394,PMC4131081]
REDCap	REDCap	[PMC3246293]
RSA Biomedical	RSA Biomedical	[PMC5016906]
Radi Medical Systems	Radi Medical Systems	[PMC3429821]
Rasbash et al	Rasbash et al	[10.1080%2F09645292.2018.1426732]
Rasch Unidimensional Measurement Models Laboratory	Rasch Unidimensional Measurement Models Laboratory	[PMC5293311]
Rayaz Malik	Rayaz Malik	[PMC5063056]
Raytest	Raytest	[PMC3058730,PMC2677872,PMC3078083]
Reagents of the University of California	Reagents of the University of California	[PMC3944114]
Reich et al	Reich et al	[PMC2773253]
Reinhold et al	Reinhold et al	[10.3846%2F1611-1699.2009.10.169-180]
Research Systems	Research Systems	[PMC3198286]
Research Triangle Institute	Research Triangle Institute	[PMC2895706]
Rice et al	Rice et al	[PMC3329738]
Rifaieh	Rifaieh	[PMC2773253]
Rifaieh et al	Rifaieh et al	[PMC2773253]
RigakuCo., Ltd	RigakuCo., Ltd	[PMC4097343]
Robert Jones and Agnes Hunt Orthopaedic Hospital	Robert Jones and Agnes Hunt Orthopaedic Hospital	[PMC3529402]
Roche	Roche	[PMC4832390,PMC3575799]
Roche/454 Life Science	Roche/454 Life Science	[PMC3384331]
Rodrigo and Learn et al	Rodrigo and Learn et al	[PMC4540966]
Ronquist & Huelsenbeck	Ronquist & Huelsenbeck	[PMC3251324,PMC2890158]
Roodman	Roodman	[10.1002%2Fijfe.1604,10.1111%2Fkykl.12110,10.1111%2F1468-0106.12197]
Rotenand Skaletsky	Rotenand Skaletsky	[PMC2682500]
Rozen and Skaletsky	Rozen and Skaletsky	[PMC4103605,PMC4103437]
Rutherford	Rutherford	[10.1111%2Fj.1467-8381.2009.02008.x]
SA Biosciences	SA Biosciences	[PMC5225149]
SAS	SAS	[PMC4932580,PMC4822213,PMC5029575]
SAS In- stitute, Cary, NC	SAS In- stitute, Cary, NC	[PMC3263915]
SAS In-stitute Inc	SAS In-stitute Inc	[PMC5039120,PMC5149064]
SAS In-stitute Inc.	SAS In-stitute Inc	[PMC5039120]
SAS Inc	SAS Inc	[PMC3822024]
SAS Insti-tute	SAS Insti-tute	[PMC4951474]
SAS Insti-tute Inc	SAS Insti-tute Inc	[PMC5300027]
SAS Institue Inc	SAS Institue Inc	[PMC4740966]
SAS Institute	SAS Institute	[PMC4750616,PMC4985394,PMC4958647,PMC4027884,PMC4559775,PMC2780877,PMC3093010,PMC5372019,PMC3646185,PMC3263864,PMC4188109,PMC4225645,PMC3426798,PMC3619072,PMC4649725,PMC4589655,PMC3223056,PMC5293859,PMC2882571,PMC3724279,PMC3598424,PMC2830412,PMC3447890,PMC3532996,PMC4963800,PMC3276104,PMC4733777]
SAS Institute (Cary,NC, USA	SAS Institute (Cary,NC, USA	[PMC3619072]
SAS Institute Inc	SAS Institute Inc	[PMC5191619,PMC5091065,PMC3956627,PMC3595153,PMC5132031,PMC3388559,PMC3389425,PMC5293311,PMC4801153,PMC3524325,PMC4621721,PMC4331978,PMC4153088,PMC3448160,PMC4976915,PMC5300027,PMC4809187,PMC3717584,PMC3600908,PMC5149064,PMC4366701,PMC5338961,PMC4274470,PMC5076548,PMC5056957,PMC4310378,PMC4093267,PMC4316942,PMC4164725,PMC5210339,PMC4816035,PMC4776054,PMC5010096,PMC4173757,PMC2895706]
SAS Institute Inc.	SAS Institute Inc	[PMC3389425,PMC4967653,PMC4976915,PMC4366701,PMC3816860]
SAS Institute, Cary, NC	SAS Institute, Cary, NC	[PMC2927939,PMC2570388]
SAS Institute, Cary, NC, USA	SAS Institute, Cary, NC, USA	[PMC4264456,PMC4717942,PMC4225645]
SAS Institute, Cary, NorthCarolina, USA	SAS Institute, Cary, NorthCarolina, USA	[PMC5387955]
SAS Institute, Inc	SAS Institute, Inc	[PMC2638544,PMC4804676,PMC4716173,PMC5135399,PMC4740966,PMC3296922]
SAS Institute,Cary, NC, USA	SAS Institute,Cary, NC, USA	[PMC4027884]
SAS InstituteInc	SAS InstituteInc	[PMC3717584]
SAS Statistical Institute	SAS Statistical Institute	[PMC4966572]
SAS software Inc	SAS software Inc	[PMC4234332]
SAS, Cary, NC	SAS, Cary, NC	[PMC4767401]
SAS, Inc	SAS, Inc	[PMC5181807]
SASInstitute Inc	SASInstitute Inc	[PMC4453596,PMC4322207]
SASInstitute Inc.	SASInstitute Inc	[PMC4453596]
SASInstitute, Cary, North Carolina, USA	SASInstitute, Cary, North Carolina, USA	[PMC5293859]
SBG	SBG	[PMC2736487]
SISVAR	SISVAR	[PMC4568868]
SPSS	SPSS	[PMC3252618,PMC4272508,PMC4582561,PMC5265988,PMC2890364,PMC3824685,PMC3425424,PMC4947609,PMC4327489,PMC3886109,PMC2782970,PMC4623144,PMC3031000,PMC4495456,PMC5130055,PMC3349042,PMC4947724,PMC4680075,PMC5462700,PMC4492334,PMC3003812,PMC4531765,PMC3309518,PMC2698157,PMC4174131,PMC5292639,PMC5440848,PMC4494636,PMC3887290]
SPSS Inc	SPSS Inc	[PMC5103916,PMC4153526,PMC4472590,PMC2958506,PMC4940481,PMC4939487,PMC4852604,PMC3604266,PMC4771121,PMC2846736,PMC4853588,PMC2995975,PMC5018703,PMC4564743,PMC4723022,PMC2991579,PMC4958110,PMC4559775,PMC5032163,PMC5413540,PMC2867195,PMC4779866,PMC3430911,PMC4338086,PMC3464321,PMC4304516,PMC3028489,PMC4496510,PMC5020575,PMC4357677,PMC4918545,PMC3335898,PMC4012704,PMC4003544,PMC4585391,PMC4634622,PMC4062317,PMC3641311,PMC3835501,PMC4614601,PMC3524325,PMC4616395,PMC3283851,PMC4540847,PMC3534176,PMC5266113,PMC3383247,PMC3982819,PMC4386214,PMC3580823,PMC4689827,PMC4345719,PMC5339929,PMC3040438,PMC3611102,PMC4632933,PMC5473125,PMC4073352,PMC3021741,PMC5459276,PMC3318181,PMC3049292,PMC5452632,PMC3309253,PMC5040012,PMC4210416,PMC3374006,PMC3337072,PMC3031013,PMC4255760,PMC5390613,PMC4630182,PMC4107842,PMC3710919,PMC3285716,PMC3983507,PMC5328613,PMC4388951,PMC4665705,PMC3624981,PMC3964493,PMC3218131,PMC3542452,PMC5088916,PMC3988440,PMC2996622,PMC3891859,PMC3729991,PMC4535552,PMC4242897,PMC3104442,PMC3994298,PMC2955740,PMC4050386,PMC3797259,PMC4553351,PMC4789845,PMC3999808,PMC3663311,PMC3184742,PMC4630049,PMC5121256,PMC4128692,PMC4736865,PMC4898329,PMC3302911,PMC3334951,PMC3825938,PMC4923836,PMC4758284,PMC3037501,PMC5066378,PMC4816035,PMC4819553,PMC4752095,PMC3293421,PMC5013111,PMC4832950,PMC5466216,PMC4568189,PMC4582469,PMC4651396,PMC3758215,PMC4926940,PMC4399784,PMC3200513,PMC4205716,PMC5084642,PMC5009042,PMC5402591,PMC4567233,PMC4720847,PMC5386927,PMC4674517,PMC5207597,PMC3905558,PMC4960374,PMC5321584,PMC5018359]
SPSS Inc.	SPSS Inc	[PMC4153526,PMC3259236,PMC5339929,PMC2789947,PMC4792212,PMC5234238,PMC4923836,PMC4832950,PMC3467446,PMC4926940,PMC3448398,PMC3374072,PMC4837866]
SPSS,	 Inc.	SPSS,	 Inc	[PMC4633460]
SPSS, Chicago, IL	SPSS, Chicago, IL	[PMC3425424,PMC3349032]
SPSS, Inc	SPSS, Inc	[PMC4763990,PMC4665880,PMC3212591,PMC5132146,PMC4214970,PMC4515454,PMC4360915,PMC5104181,PMC4686099,PMC5220168,PMC5244966,PMC3836143,PMC4812582,PMC4189227]
SPSS, Inc.	SPSS, Inc	[PMC4401356,PMC4214970]
SPSS, USA	SPSS, USA	[PMC3694184]
SPSSInc	SPSSInc	[PMC4234239,PMC3575563,PMC5378987]
SPSS`	SPSS`	[PMC5428908]
SPSS®	SPSS®	[PMC3220261]
SR Research	SR Research	[PMC4215594]
STATA Corp	STATA Corp	[PMC4505989,PMC4266938,PMC4189225]
STATA Corporation	STATA Corporation	[PMC5271396]
SYSTAT Software Inc	SYSTAT Software Inc	[PMC3225968]
Sacan et al	Sacan et al	[PMC3035800]
Sacanet al., 2008	Sacanet al., 2008	[PMC3035800]
Saeed et al	Saeed et al	[PMC3490414]
Salford Systems	Salford Systems	[10.1002%2Fijfe.1570]
Salmon CE	Salmon CE	[PMC3782730]
San Jose, CA	San Jose, CA	[PMC3521687]
Santamaría and Pierre	Santamaría and Pierre	[PMC4586740]
Sarachu and Colet	Sarachu and Colet	[PMC2773253]
Sas institute	Sas institute	[PMC4093164]
Scanalytics Corp	Scanalytics Corp	[PMC3982819]
Scanco Medcal AG	Scanco Medcal AG	[PMC5440848]
Scanco Medical	Scanco Medical	[PMC4128692]
ScancoMedical AG	ScancoMedical AG	[PMC5440848]
Schlessinger	Schlessinger	[PMC2935446]
Schlessinger et al	Schlessinger et al	[PMC2935446]
Schnell	Schnell	[10.1515%2Fjbnst-2017-1004]
Schnell and Borgs	Schnell and Borgs	[10.1515%2Fjbnst-2017-1004]
Schoop et al	Schoop et al	[10.3846%2Fjbem.2010.28]
Schrçdinger	Schrçdinger	[PMC4280825]
Schrçdinger Suite 2012 Pro- tein Preparation Wizard	Schrçdinger Suite 2012 Pro- tein Preparation Wizard	[PMC4280825]
Schrodinger LLC	Schrodinger LLC	[PMC3077646]
Schuck	Schuck	[PMC3055594]
Sci-Ed	Sci-Ed	[PMC3018578]
Scientific Software Development GmbH	Scientific Software Development GmbH	[PMC4687766,PMC4521673]
Scion	Scion	[PMC3028337]
Scion Corporation	Scion Corporation	[PMC4360915,PMC4789845]
Senger et al	Senger et al	[PMC2773253]
SeqClean	SeqClean	[PMC5129524]
Shimazu-rika	Shimazu-rika	[PMC4013958]
Shimizu	Shimizu	[PMC2935446]
Shimizu et al	Shimizu et al	[PMC2935446]
Silicon Genetics	Silicon Genetics	[PMC3193002]
Silicon Genetics, CA	Silicon Genetics, CA	[PMC3193002,PMC2475704]
Silicon Genetics,CA	Silicon Genetics,CA	[PMC3193002]
Simon Fraser University’s Lab forComputational Biology	Simon Fraser University’s Lab forComputational Biology	[PMC1933159]
Simon et al	Simon et al	[PMC3464766]
Simulia Corp	Simulia Corp	[PMC3875508]
SkyScan	SkyScan	[PMC4843533]
Smit and Hubley	Smit and Hubley	[PMC3138425]
Smith and Galesi	Smith and Galesi	[10.1111%2Fjoes.12095]
Smyth	Smyth	[PMC4816756]
Social Survey Research Information Co., Ltd.	Social Survey Research Information Co., Ltd	[PMC3406768]
Social Survey Research InformationCo., Ltd	Social Survey Research InformationCo., Ltd	[PMC3406768]
Soft Flow Inc	Soft Flow Inc	[PMC3526355]
Soft Imaging Systems	Soft Imaging Systems	[PMC3318936]
Softgenetics	Softgenetics	[PMC2677890]
Solidworks Crop	Solidworks Crop	[PMC3875508]
Sonic Foundry	Sonic Foundry	[PMC4764960]
Sony Creative SoftwareInc	Sony Creative SoftwareInc	[PMC3632766]
Sorcerer system	Sorcerer system	[PMC4959023]
Spiral Software	Spiral Software	[PMC4162729]
Stamatakis	Stamatakis	[PMC3132874]
Stat Soft Poland	Stat Soft Poland	[PMC4967653]
Stat Trek	Stat Trek	[PMC3708637]
Stat-Ease	Stat-Ease	[PMC3768955]
Stat-Ease, Inc	Stat-Ease, Inc	[PMC4057327]
Stat-Ease, Inc.	Stat-Ease, Inc	[PMC4057327]
Stat-Ease,Inc	Stat-Ease,Inc	[PMC3768955]
StatSoft	StatSoft	[PMC2768165,10.3846%2Fbtp.2015.433,PMC3794438,PMC4785010,a2001-40-MOL_ECOL]
StatSoft Polska	StatSoft Polska	[PMC3598124]
StatSoft, Inc	StatSoft, Inc	[PMC2649809]
StatSoft, Tulsa, OK, USA	StatSoft, Tulsa, OK, USA	[PMC4240489]
StatSoft,Inc	StatSoft,Inc	[a2001-40-MOL_ECOL]
Stata Corp	Stata Corp	[PMC4027853,PMC5329793]
Stata Corporation	Stata Corporation	[PMC5329793,PMC5271396,PMC4919596,PMC4592051,PMC4455856,PMC4310378,PMC3529402]
Stata, College Station, Texas USA	Stata, College Station, Texas USA	[PMC4646224]
Stata, College Station, Texas, USA	Stata, College Station, Texas, USA	[PMC2927682]
Stata, Inc	Stata, Inc	[PMC3902401]
Stata-Corp	Stata-Corp	[PMC4917775]
StataCorp	StataCorp	[PMC3994435,PMC5295802,PMC5084721,PMC3488743,PMC4264456,PMC4575381,PMC4717961,PMC3575981,PMC4153088,PMC3487307,PMC4998785,PMC4541475,PMC3717584,PMC4934460,PMC4819867,PMC4453652,PMC4536843,PMC3404480,PMC4425235,PMC3158666,PMC5210341,PMC4913543,PMC5018359]
Statistical Innovations Inc.	Statistical Innovations Inc	[PMC4038421]
Statistical Package for Social Sciences	Statistical Package for Social Sciences	[PMC4743607]
Statistical Product and Service Solutions, IBM Corporation	Statistical Product and Service Solutions, IBM Corporation	[PMC5109890]
Statpoint Technologies, Inc	Statpoint Technologies, Inc	[PMC3134982]
StatsDirect Ltd	StatsDirect Ltd	[PMC5371709]
Statsoft Inc	Statsoft Inc	[PMC3442822]
Stephen Jenkins	Stephen Jenkins	[10.1177%2F1091142114551600]
Stoelting	Stoelting	[PMC4851261]
Sturn et al	Sturn et al	[PMC2886355]
Su et al	Su et al	[PMC2935446]
Su et. al	Su et. al	[PMC2935446]
Subramaniam	Subramaniam	[PMC2773253]
Sun	Sun	[10.1257%2Fjep.15.2.25]
Sun Microsystems Inc	Sun Microsystems Inc	[PMC3085624]
Sun Microsystems, Inc	Sun Microsystems, Inc	[PMC3085624]
Swiss Institute of Bioinformatics	Swiss Institute of Bioinformatics	[PMC3694247]
Swofford	Swofford	[PMC3251324,a2001-40-MOL_ECOL,PMC3065992]
Swofford & Selander	Swofford & Selander	[a2000-04-MOL_ECOL]
Swofford & Selander 1981	Swofford & Selander 1981	[a2000-04-MOL_ECOL]
Swofford and Selander	Swofford and Selander	[a2000-04-MOL_ECOL]
Syn-gene	Syn-gene	[PMC5089945]
SynapseWeb	SynapseWeb	[PMC3925948]
Synaptosoft	Synaptosoft	[PMC4147369]
Synergy Software	Synergy Software	[PMC5406603]
Systat	Systat	[PMC4919585]
Systat Software	Systat Software	[PMC3007589,PMC4540966,PMC3927753,PMC2551674]
Systat Software Inc	Systat Software Inc	[PMC2872893,PMC4397380,PMC3984761]
Systat Software, Inc.	Systat Software, Inc	[PMC3245946,PMC5387758]
TIBCO Spotfire	TIBCO Spotfire	[PMC3225968]
TNS-BMRB	TNS-BMRB	[10.1007%2Fs10824-017-9302-4]
TSI	TSI	[PMC4963544]
TSP	TSP	[PMC4888764]
Talete SRL, Milan, Italy	Talete SRL, Milan, Italy	[PMC4408226]
Tallarida and Murray	Tallarida and Murray	[PMC5106397]
Tamura et al	Tamura et al	[PMC4540966]
Tamuraetal	Tamuraetal	[PMC3589787]
Tatusova and Madden	Tatusova and Madden	[PMC2682500]
Taverna	Taverna	[PMC3692048]
Team	Team	[PMC4816756]
TechnischeUni-versitätMünchen	TechnischeUni-versitätMünchen	[PMC3935166]
Temima Schnitzer-Perlman	Temima Schnitzer-Perlman	[PMC5096036]
The Cochrane Collaboration	The Cochrane Collaboration	[PMC4225296,PMC4282059]
The MathWorks	The MathWorks	[PMC3027082,PMC4374707,PMC4764960,PMC2963829]
The Mathworks	The Mathworks	[PMC5073050]
The Mind Research Network (MRN	The Mind Research Network (MRN	[PMC3246293]
The Nordic Cochrane Centre	The Nordic Cochrane Centre	[PMC4027853,PMC4985391]
TheMathWorks	TheMathWorks	[PMC4374707]
TheMathWorks, Inc.	TheMathWorks, Inc	[PMC5078571]
Thermo	Thermo	[PMC4622569]
Thermo Electron Corporation	Thermo Electron Corporation	[PMC4317475]
Thermo Fisher Scientific	Thermo Fisher Scientific	[PMC5419080,PMC5339831]
Thermo Fisher Scientific, Inc	Thermo Fisher Scientific, Inc	[PMC4918545]
Thermo Scientific	Thermo Scientific	[PMC5220168]
Thermo- Fisher, Loughborough, UK	Thermo- Fisher, Loughborough, UK	[PMC3770329]
ThermoScientific	ThermoScientific	[PMC4770866]
Thompson et al	Thompson et al	[PMC2890158,a2001-40-MOL_ECOL]
Thompsonet al	Thompsonet al	[PMC2682500]
Thomson Software Solutions	Thomson Software Solutions	[PMC4506345]
Thought Technology Ltd	Thought Technology Ltd	[PMC4857864]
Tom Hall, Ibis Biosciences, Carlsbad, CA	Tom Hall, Ibis Biosciences, Carlsbad, CA	[PMC4435018]
Tomz et al	Tomz et al	[10.1007%2Fs11558-011-9108-7]
Trapnell et al	Trapnell et al	[PMC3400965]
Tree Star	Tree Star	[PMC3405507,PMC4230620,PMC3071219,PMC4410084,PMC3526355,PMC4411514]
Tree Star, Inc	Tree Star, Inc	[PMC2626671,PMC2722173,PMC3177208]
TreeStar	TreeStar	[PMC4583819,PMC4760300,PMC3727320,PMC3531733]
Treestar	Treestar	[PMC5414882,PMC3071219,PMC5023377]
Tripios Inc	Tripios Inc	[PMC3281721]
Tripos Inc	Tripos Inc	[PMC3281721]
Tripos International, St Louis, MO, USA	Tripos International, St Louis, MO, USA	[PMC3771852]
Turlach and Weingessel	Turlach and Weingessel	[10.1007%2Fs11123-009-0142-x]
U. S. National Institutes of Health	U. S. National Institutes of Health	[PMC4027884]
U. S. National Institutes ofHealth, Bethesda, Maryland, USA	U. S. National Institutes ofHealth, Bethesda, Maryland, USA	[PMC4027884]
UCSF Chimera, Resource for Biocomputing, Visualization, and Informatics at the University of California, San Francisco	UCSF Chimera, Resource for Biocomputing, Visualization, and Informatics at the University of California, San Francisco	[PMC3245946]
US Bureau of Economic Analysis	US Bureau of Economic Analysis	[10.1257%2Fjep.30.2.201]
UVP, Inc	UVP, Inc	[PMC4360915]
Umetrics	Umetrics	[PMC2238715,PMC3717207]
Unit of Clinical Biostatistics team	Unit of Clinical Biostatistics team	[PMC4989431]
Univeristy of Bern	Univeristy of Bern	[PMC5054108]
Universal Imaging	Universal Imaging	[PMC3994298]
Universal Imaging/Molecular Devices	Universal Imaging/Molecular Devices	[PMC2475704]
University CollegeLondon	University CollegeLondon	[PMC3198286]
University of Geneva	University of Geneva	[PMC5054108]
University of Southern California	University of Southern California	[PMC5387758]
University of Vienna	University of Vienna	[PMC5054108]
University of Washington	University of Washington	[PMC3770329]
Van Ooijen J, Voorrips RE	Van Ooijen J, Voorrips RE	[PMC3223056]
Van Ooijen andVoorrips	Van Ooijen andVoorrips	[PMC3223056]
Van Puyvelde et al	Van Puyvelde et al	[PMC4103605]
Vanderbilt University	Vanderbilt University	[PMC4387613]
Verardi	Verardi	[10.1111%2F1468-0106.12204]
Verardi and Croux	Verardi and Croux	[10.1111%2Fkykl.12165]
Verity Software House, Inc	Verity Software House, Inc	[PMC4812167]
Vienna, Austria	Vienna, Austria	[PMC4251217]
Vilber Lourmat	Vilber Lourmat	[PMC4787772]
Vital Images	Vital Images	[PMC4495456]
W. Gish	W. Gish	[PMC3013778]
WHO	WHO	[10.1111%2Fcwe.12158]
Wachowicz	Wachowicz	[10.3846%2Fjbem.2010.28]
Wang S, Basten CJ, Zeng Z-B	Wang S, Basten CJ, Zeng Z-B	[PMC3223056]
Ward	Ward	[PMC2935446]
Ward et al	Ward et al	[PMC2935446]
Waters	Waters	[PMC3149990]
Waters Corp	Waters Corp	[PMC2238715]
Waters Corporation	Waters Corporation	[PMC4938145]
WatersGmbH	WatersGmbH	[PMC2529246]
Wave-Metrics	Wave-Metrics	[PMC4576863]
WaveMetrics	WaveMetrics	[PMC4380214]
Wavefunction, Inc	Wavefunction, Inc	[PMC3771852]
We	We	[PMC5390613,PMC4843533,PMC1636350]
Web of Science(WOS	Web of Science(WOS	[PMC5476471]
Wellcome Department of CognitiveNeurology	Wellcome Department of CognitiveNeurology	[PMC3309518]
Wellcome Institute of Imaging Neuroscience	Wellcome Institute of Imaging Neuroscience	[PMC4269546]
Wessner et al	Wessner et al	[PMC2773253]
Wilensky	Wilensky	[10.1007%2Fs00191-017-0548-y]
Wilkinson	Wilkinson	[PMC2773253]
Willard et al	Willard et al	[PMC3105518]
Wirtschaftsuniversität	Wirtschaftsuniversität	[PMC4853138]
Wolfram Re-search, Inc	Wolfram Re-search, Inc	[PMC2806324]
Xegen	Xegen	[PMC5065646]
Yang and Yang	Yang and Yang	[PMC2935446]
Yang et al	Yang et al	[PMC5050532,PMC4123385,PMC4093824]
Yeh et al	Yeh et al	[PMC4792857,PMC4123385]
Yukms Co., Ltd	Yukms Co., Ltd	[PMC5137495]
Zdobnov and Apweiler	Zdobnov and Apweiler	[PMC3400965]
Zeiss	Zeiss	[PMC3370925,PMC5339831,PMC2853139]
ZeissMeditec	ZeissMeditec	[PMC4968915]
Zhou and Stephens	Zhou and Stephens	[PMC4093824]
Ziosoft, Tokyo, Japan	Ziosoft, Tokyo, Japan	[PMC5098290]
a) Martin Kulldorff, (b) the National Cancer Institute and (c) Farzad Mostashari of the New York City Department of Health and Mental Hygiene	a) Martin Kulldorff, (b) the National Cancer Institute and (c) Farzad Mostashari of the New York City Department of Health and Mental Hygiene	[PMC2935919]
bruker	bruker	[PMC5065646]
comScore	comScore	[10.1111%2Fjems.12141]
corresponding author	corresponding author	[PMC5221592]
in-house	in-house	[PMC5078571]
inC	inC	[PMC4554393]
our department	our department	[PMC4998785]
public health system of Colima	public health system of Colima	[PMC3638180]
students at the Media Lab	students at the Media Lab	[10.1162%2Fqjec.2006.121.1.289,10.1162%2Fqjec.2005.120.1.87,10.1162%2Fqjec.121.4.1383,10.1162%2Fqjec.2005.120.1.345]
studentsandlecturersatTUM	studentsandlecturersatTUM	[PMC3935166]
sun Microsystems	sun Microsystems	[PMC4481556]
the Centers for Disease Control and Prevention	the Centers for Disease Control and Prevention	[PMC5091022]
the Cochrane Collaboration	the Cochrane Collaboration	[PMC4015203]
the Jackson laboratory	the Jackson laboratory	[PMC4475471]
the Korean Nutrition Society	the Korean Nutrition Society	[PMC3296922]
the Lab for Computational Biology at Simon Fraser University	the Lab for Computational Biology at Simon Fraser University	[PMC1933159]
the Nordic Cochrane Center	the Nordic Cochrane Center	[PMC4015203]
the Nordic Cochrane Center, Copenhagen, Denmark	the Nordic Cochrane Center, Copenhagen, Denmark	[PMC4015203]
the Vector NTI software package (Invitrogen	the Vector NTI software package (Invitrogen	[PMC4380214]
ucsf	ucsf	[PMC3590572]
we	we	[PMC5390613,PMC1933159]
xlQA	xlQA	[PMC4162729]
